Date,6th Grade Math,6th Grade Science,6th Grade History,6th Grade Reading,6th Grade Writing,7th Grade Math,7th Grade Science,7th Grade History,7th Grade Reading,7th Grade Writing,8th Grade Math,8th Grade Science,8th Grade History,8th Grade Reading,8th Grade Writing
2023-09-01,Unit 1 Day 1,Unit 1 Day 1,Unit 1 Day 1,Unit 1 Day 1,Unit 1 Day 1,Unit 1 Day 1,Unit 1 Day 1,Unit 1 Day 1,Unit 1 Day 1,Unit 1 Day 1,Unit 1 Day 1,Unit 1 Day 1,Unit 1 Day 1,Unit 1 Day 1,Unit 1 Day 1
2023-09-04,Unit 1 Day 2,Unit 1 Day 2,Unit 1 Day 2,Unit 1 Day 2,Unit 1 Day 2,Unit 1 Day 2,Unit 1 Day 2,Unit 1 Day 2,Unit 1 Day 2,Unit 1 Day 2,Unit 1 Day 2,Unit 1 Day 2,Unit 1 Day 2,Unit 1 Day 2,Unit 1 Day 2
2023-09-05,Unit 1 Day 3,Unit 1 Day 3,Unit 1 Day 3,Unit 1 Day 3,Unit 1 Day 3,Unit 1 Day 3,Unit 1 Day 3,Unit 1 Day 3,Unit 1 Day 3,Unit 1 Day 3,Unit 1 Day 3,Unit 1 Day 3,Unit 1 Day 3,Unit 1 Day 3,Unit 1 Day 3
2023-09-06,Unit 1 Day 4,Unit 1 Day 4,Unit 1 Day 4,Unit 1 Day 4,Unit 1 Day 4,Unit 1 Day 4,Unit 1 Day 4,Unit 1 Day 4,Unit 1 Day 4,Unit 1 Day 4,Unit 1 Day 4,Unit 1 Day 4,Unit 1 Day 4,Unit 1 Day 4,Unit 1 Day 4
2023-09-07,Unit 1 Day 5,Unit 1 Day 5,Unit 1 Day 5,Unit 1 Day 5,Unit 1 Day 5,Unit 1 Day 5,Unit 1 Day 5,Unit 1 Day 5,Unit 1 Day 5,Unit 1 Day 5,Unit 1 Day 5,Unit 1 Day 5,Unit 1 Day 5,Unit 1 Day 5,Unit 1 Day 5
2023-09-08,Unit 1 Day 6,Unit 1 Day 6,Unit 1 Day 6,Unit 1 Day 6,Unit 1 Day 6,Unit 1 Day 6,Unit 1 Day 6,Unit 1 Day 6,Unit 1 Day 6,Unit 1 Day 6,Unit 1 Day 6,Unit 1 Day 6,Unit 1 Day 6,Unit 1 Day 6,Unit 1 Day 6
2023-09-11,Unit 1 Day 7,Unit 1 Day 7,Unit 1 Day 7,Unit 1 Day 7,Unit 1 Day 7,Unit 1 Day 7,Unit 1 Day 7,Unit 1 Day 7,Unit 1 Day 7,Unit 1 Day 7,Unit 1 Day 7,Unit 1 Day 7,Unit 1 Day 7,Unit 1 Day 7,Unit 1 Day 7
2023-09-12,Unit 1 Quiz 1,Unit 1 Quiz 1,Unit 1 Quiz 1,Unit 1 Quiz 1,Unit 1 Quiz 1,Unit 1 Quiz 1,Unit 1 Quiz 1,Unit 1 Quiz 1,Unit 1 Quiz 1,Unit 1 Quiz 1,Unit 1 Quiz 1,Unit 1 Quiz 1,Unit 1 Quiz 1,Unit 1 Quiz 1,Unit 1 Quiz 1
2023-09-13,Unit 1 Day 9,Unit 1 Day 9,Unit 1 Day 9,Unit 1 Day 9,Unit 1 Day 9,Unit 1 Day 9,Unit 1 Day 9,Unit 1 Day 9,Unit 1 Day 9,Unit 1 Day 9,Unit 1 Day 9,Unit 1 Day 9,Unit 1 Day 9,Unit 1 Day 9,Unit 1 Day 9
2023-09-14,Unit 1 Day 10,Unit 1 Day 10,Unit 1 Day 10,Unit 1 Day 10,Unit 1 Day 10,Unit 1 Day 10,Unit 1 Day 10,Unit 1 Day 10,Unit 1 Day 10,Unit 1 Day 10,Unit 1 Day 10,Unit 1 Day 10,Unit 1 Day 10,Unit 1 Day 10,Unit 1 Day 10
2023-09-15,Unit 1 Day 11,Unit 1 Day 11,Unit 1 Day 11,Unit 1 Day 11,Unit 1 Day 11,Unit 1 Day 11,Unit 1 Day 11,Unit 1 Day 11,Unit 1 Day 11,Unit 1 Day 11,Unit 1 Day 11,Unit 1 Day 11,Unit 1 Day 11,Unit 1 Day 11,Unit 1 Day 11
2023-09-18,Unit 1 Day 12,Unit 1 Day 12,Unit 1 Day 12,Unit 1 Day 12,Unit 1 Day 12,Unit 1 Day 12,Unit 1 Day 12,Unit 1 Day 12,Unit 1 Day 12,Unit 1 Day 12,Unit 1 Day 12,Unit 1 Day 12,Unit 1 Day 12,Unit 1 Day 12,Unit 1 Day 12
2023-09-19,Unit 1 Day 13,Unit 1 Day 13,Unit 1 Day 13,Unit 1 Day 13,Unit 1 Day 13,Unit 1 Day 13,Unit 1 Day 13,Unit 1 Day 13,Unit 1 Day 13,Unit 1 Day 13,Unit 1 Day 13,Unit 1 Day 13,Unit 1 Day 13,Unit 1 Day 13,Unit 1 Day 13
2023-09-20,Unit 1 Day 14,Unit 1 Day 14,Unit 1 Day 14,Unit 1 Day 14,Unit 1 Day 14,Unit 1 Day 14,Unit 1 Day 14,Unit 1 Day 14,Unit 1 Day 14,Unit 1 Day 14,Unit 1 Day 14,Unit 1 Day 14,Unit 1 Day 14,Unit 1 Day 14,Unit 1 Day 14
2023-09-21,Unit 1 Day 15,Unit 1 Day 15,Unit 1 Day 15,Unit 1 Day 15,Unit 1 Day 15,Unit 1 Day 15,Unit 1 Day 15,Unit 1 Day 15,Unit 1 Day 15,Unit 1 Day 15,Unit 1 Day 15,Unit 1 Day 15,Unit 1 Day 15,Unit 1 Day 15,Unit 1 Day 15
2023-09-22,Unit 1 Quiz 2,Unit 1 Quiz 2,Unit 1 Quiz 2,Unit 1 Quiz 2,Unit 1 Quiz 2,Unit 1 Quiz 2,Unit 1 Quiz 2,Unit 1 Quiz 2,Unit 1 Quiz 2,Unit 1 Quiz 2,Unit 1 Quiz 2,Unit 1 Quiz 2,Unit 1 Quiz 2,Unit 1 Quiz 2,Unit 1 Quiz 2
2023-09-25,Unit 1 Day 17,Unit 1 Day 17,Unit 1 Day 17,Unit 1 Day 17,Unit 1 Day 17,Unit 1 Day 17,Unit 1 Day 17,Unit 1 Day 17,Unit 1 Day 17,Unit 1 Day 17,Unit 1 Day 17,Unit 1 Day 17,Unit 1 Day 17,Unit 1 Day 17,Unit 1 Day 17
2023-09-26,Unit 1 Day 18,Unit 1 Day 18,Unit 1 Day 18,Unit 1 Day 18,Unit 1 Day 18,Unit 1 Day 18,Unit 1 Day 18,Unit 1 Day 18,Unit 1 Day 18,Unit 1 Day 18,Unit 1 Day 18,Unit 1 Day 18,Unit 1 Day 18,Unit 1 Day 18,Unit 1 Day 18
2023-09-27,Unit 1 Day 19,Unit 1 Day 19,Unit 1 Day 19,Unit 1 Day 19,Unit 1 Day 19,Unit 1 Day 19,Unit 1 Day 19,Unit 1 Day 19,Unit 1 Day 19,Unit 1 Day 19,Unit 1 Day 19,Unit 1 Day 19,Unit 1 Day 19,Unit 1 Day 19,Unit 1 Day 19
2023-09-28,Unit 1 Day 20,Unit 1 Day 20,Unit 1 Day 20,Unit 1 Day 20,Unit 1 Day 20,Unit 1 Day 20,Unit 1 Day 20,Unit 1 Day 20,Unit 1 Day 20,Unit 1 Day 20,Unit 1 Day 20,Unit 1 Day 20,Unit 1 Day 20,Unit 1 Day 20,Unit 1 Day 20
2023-09-29,Unit 1 Day 21,Unit 1 Day 21,Unit 1 Day 21,Unit 1 Day 21,Unit 1 Day 21,Unit 1 Day 21,Unit 1 Day 21,Unit 1 Day 21,Unit 1 Day 21,Unit 1 Day 21,Unit 1 Day 21,Unit 1 Day 21,Unit 1 Day 21,Unit 1 Day 21,Unit 1 Day 21
2023-10-02,Unit 1 Quiz 3,Unit 1 Day 22,Unit 1 Day 22,Unit 1 Day 22,Unit 1 Day 22,Unit 1 Day 22,Unit 1 Day 22,Unit 1 Day 22,Unit 1 Day 22,Unit 1 Day 22,Unit 1 Day 22,Unit 1 Quiz 3,Unit 1 Day 22,Unit 1 Day 22,Unit 1 Day 22
2023-10-03,Unit 1 Review Day 1,Unit 1 Day 23,Unit 1 Quiz 3,Unit 1 Day 23,Unit 1 Day 23,Unit 1 Day 23,Unit 1 Day 23,Unit 1 Day 23,Unit 1 Day 23,Unit 1 Day 23,Unit 1 Day 23,Unit 1 Review Day 1,Unit 1 Quiz 3,Unit 1 Day 23,Unit 1 Day 23
2023-10-04,Unit 1 Review Day 2,Unit 1 Day 24,Unit 1 Review Day 1,Unit 1 Day 24,Unit 1 Day 24,Unit 1 Quiz 3,Unit 1 Day 24,Unit 1 Day 24,Unit 1 Quiz 3,Unit 1 Day 24,Unit 1 Quiz 3,Unit 1 Review Day 2,Unit 1 Review Day 1,Unit 1 Quiz 3,Unit 1 Day 24
2023-10-05,Unit 1 Unit Test,Unit 1 Day 25,Unit 1 Review Day 2,Unit 1 Quiz 3,Unit 1 Day 25,Unit 1 Day 25,Unit 1 Day 25,Unit 1 Day 25,Unit 1 Day 25,Unit 1 Day 25,Unit 1 Day 25,Unit 1 Unit Test,Unit 1 Review Day 2,Unit 1 Day 25,Unit 1 Day 25
2023-10-06,Unit 2 Day 1,Unit 1 Day 26,Unit 1 Unit Test,Unit 1 Review Day 1,Unit 1 Day 26,Unit 1 Day 26,Unit 1 Day 26,Unit 1 Quiz 3,Unit 1 Day 26,Unit 1 Day 26,Unit 1 Day 26,Unit 2 Day 1,Unit 1 Unit Test,Unit 1 Day 26,Unit 1 Day 26
2023-10-09,Unit 2 Day 2,Unit 1 Day 27,Unit 2 Day 1,Unit 1 Review Day 2,Unit 1 Day 27,Unit 1 Day 27,Unit 1 Quiz 3,Unit 1 Review Day 1,Unit 1 Day 27,Unit 1 Quiz 3,Unit 1 Day 27,Unit 2 Day 2,Unit 2 Day 1,Unit 1 Day 27,Unit 1 Quiz 3
2023-10-10,Unit 2 Day 3,Unit 1 Quiz 3,Unit 2 Day 2,Unit 1 Unit Test,Unit 1 Quiz 3,Unit 1 Day 28,Unit 1 Review Day 1,Unit 1 Review Day 2,Unit 1 Day 28,Unit 1 Review Day 1,Unit 1 Day 28,Unit 2 Day 3,Unit 2 Day 2,Unit 1 Day 28,Unit 1 Review Day 1
2023-10-11,Unit 2 Day 4,Unit 1 Review Day 1,Unit 2 Day 3,Unit 2 Day 1,Unit 1 Review Day 1,Unit 1 Day 29,Unit 1 Review Day 2,Unit 1 Unit Test,Unit 1 Day 29,Unit 1 Review Day 2,Unit 1 Day 29,Unit 2 Day 4,Unit 2 Day 3,Unit 1 Day 29,Unit 1 Review Day 2
2023-10-12,Unit 2 Day 5,Unit 1 Review Day 2,Unit 2 Day 4,Unit 2 Day 2,Unit 1 Review Day 2,Unit 1 Quiz 4,Unit 1 Unit Test,Unit 2 Day 1,Unit 1 Quiz 4,Unit 1 Unit Test,Unit 1 Quiz 4,Unit 2 Day 5,Unit 2 Day 4,Unit 1 Quiz 4,Unit 1 Unit Test
2023-10-13,Unit 2 Day 6,Unit 1 Unit Test,Unit 2 Day 5,Unit 2 Day 3,Unit 1 Unit Test,Unit 1 Review Day 1,Unit 2 Day 1,Unit 2 Day 2,Unit 1 Review Day 1,Unit 2 Day 1,Unit 1 Review Day 1,Unit 2 Day 6,Unit 2 Day 5,Unit 1 Review Day 1,Unit 2 Day 1
2023-10-16,Unit 2 Day 7,Unit 2 Day 1,Unit 2 Day 6,Unit 2 Day 4,Unit 2 Day 1,Unit 1 Review Day 2,Unit 2 Day 2,Unit 2 Day 3,Unit 1 Review Day 2,Unit 2 Day 2,Unit 1 Review Day 2,Unit 2 Day 7,Unit 2 Day 6,Unit 1 Review Day 2,Unit 2 Day 2
2023-10-17,Unit 2 Quiz 1,Unit 2 Day 2,Unit 2 Day 7,Unit 2 Day 5,Unit 2 Day 2,Unit 1 Unit Test,Unit 2 Day 3,Unit 2 Day 4,Unit 1 Unit Test,Unit 2 Day 3,Unit 1 Unit Test,Unit 2 Quiz 1,Unit 2 Day 7,Unit 1 Unit Test,Unit 2 Day 3
2023-10-18,Unit 2 Day 9,Unit 2 Day 3,Unit 2 Quiz 1,Unit 2 Day 6,Unit 2 Day 3,Unit 2 Day 1,Unit 2 Day 4,Unit 2 Day 5,Unit 2 Day 1,Unit 2 Day 4,Unit 2 Day 1,Unit 2 Day 9,Unit 2 Quiz 1,Unit 2 Day 1,Unit 2 Day 4
2023-10-19,Unit 2 Day 10,Unit 2 Day 4,Unit 2 Day 9,Unit 2 Day 7,Unit 2 Day 4,Unit 2 Day 2,Unit 2 Day 5,Unit 2 Day 6,Unit 2 Day 2,Unit 2 Day 5,Unit 2 Day 2,Unit 2 Day 10,Unit 2 Day 9,Unit 2 Day 2,Unit 2 Day 5
2023-10-20,Unit 2 Day 11,Unit 2 Day 5,Unit 2 Day 10,Unit 2 Quiz 1,Unit 2 Day 5,Unit 2 Day 3,Unit 2 Day 6,Unit 2 Day 7,Unit 2 Day 3,Unit 2 Day 6,Unit 2 Day 3,Unit 2 Day 11,Unit 2 Day 10,Unit 2 Day 3,Unit 2 Day 6
2023-10-23,Unit 2 Day 12,Unit 2 Day 6,Unit 2 Day 11,Unit 2 Day 9,Unit 2 Day 6,Unit 2 Day 4,Unit 2 Day 7,Unit 2 Quiz 1,Unit 2 Day 4,Unit 2 Day 7,Unit 2 Day 4,Unit 2 Day 12,Unit 2 Day 11,Unit 2 Day 4,Unit 2 Day 7
2023-10-24,Unit 2 Day 13,Unit 2 Day 7,Unit 2 Day 12,Unit 2 Day 10,Unit 2 Day 7,Unit 2 Day 5,Unit 2 Quiz 1,Unit 2 Day 9,Unit 2 Day 5,Unit 2 Quiz 1,Unit 2 Day 5,Unit 2 Day 13,Unit 2 Day 12,Unit 2 Day 5,Unit 2 Quiz 1
2023-10-25,Unit 2 Day 14,Unit 2 Quiz 1,Unit 2 Day 13,Unit 2 Day 11,Unit 2 Quiz 1,Unit 2 Day 6,Unit 2 Day 9,Unit 2 Day 10,Unit 2 Day 6,Unit 2 Day 9,Unit 2 Day 6,Unit 2 Day 14,Unit 2 Day 13,Unit 2 Day 6,Unit 2 Day 9
2023-10-26,Unit 2 Day 15,Unit 2 Day 9,Unit 2 Day 14,Unit 2 Day 12,Unit 2 Day 9,Unit 2 Day 7,Unit 2 Day 10,Unit 2 Day 11,Unit 2 Day 7,Unit 2 Day 10,Unit 2 Day 7,Unit 2 Day 15,Unit 2 Day 14,Unit 2 Day 7,Unit 2 Day 10
2023-10-27,Unit 2 Quiz 2,Unit 2 Day 10,Unit 2 Day 15,Unit 2 Day 13,Unit 2 Day 10,Unit 2 Quiz 1,Unit 2 Day 11,Unit 2 Day 12,Unit 2 Quiz 1,Unit 2 Day 11,Unit 2 Quiz 1,Unit 2 Quiz 2,Unit 2 Day 15,Unit 2 Quiz 1,Unit 2 Day 11
2023-10-30,Unit 2 Day 17,Unit 2 Day 11,Unit 2 Quiz 2,Unit 2 Day 14,Unit 2 Day 11,Unit 2 Day 9,Unit 2 Day 12,Unit 2 Day 13,Unit 2 Day 9,Unit 2 Day 12,Unit 2 Day 9,Unit 2 Day 17,Unit 2 Quiz 2,Unit 2 Day 9,Unit 2 Day 12
2023-10-31,Unit 2 Day 18,Unit 2 Day 12,Unit 2 Day 17,Unit 2 Day 15,Unit 2 Day 12,Unit 2 Day 10,Unit 2 Day 13,Unit 2 Day 14,Unit 2 Day 10,Unit 2 Day 13,Unit 2 Day 10,Unit 2 Day 18,Unit 2 Day 17,Unit 2 Day 10,Unit 2 Day 13
2023-11-01,Unit 2 Day 19,Unit 2 Day 13,Unit 2 Day 18,Unit 2 Quiz 2,Unit 2 Day 13,Unit 2 Day 11,Unit 2 Day 14,Unit 2 Day 15,Unit 2 Day 11,Unit 2 Day 14,Unit 2 Day 11,Unit 2 Day 19,Unit 2 Day 18,Unit 2 Day 11,Unit 2 Day 14
2023-11-02,Unit 2 Day 20,Unit 2 Day 14,Unit 2 Day 19,Unit 2 Day 17,Unit 2 Day 14,Unit 2 Day 12,Unit 2 Day 15,Unit 2 Quiz 2,Unit 2 Day 12,Unit 2 Day 15,Unit 2 Day 12,Unit 2 Day 20,Unit 2 Day 19,Unit 2 Day 12,Unit 2 Day 15
2023-11-03,Unit 2 Day 21,Unit 2 Day 15,Unit 2 Day 20,Unit 2 Day 18,Unit 2 Day 15,Unit 2 Day 13,Unit 2 Quiz 2,Unit 2 Day 17,Unit 2 Day 13,Unit 2 Quiz 2,Unit 2 Day 13,Unit 2 Day 21,Unit 2 Day 20,Unit 2 Day 13,Unit 2 Quiz 2
2023-11-06,Unit 2 Day 22,Unit 2 Quiz 2,Unit 2 Day 21,Unit 2 Day 19,Unit 2 Quiz 2,Unit 2 Day 14,Unit 2 Day 17,Unit 2 Day 18,Unit 2 Day 14,Unit 2 Day 17,Unit 2 Day 14,Unit 2 Day 22,Unit 2 Day 21,Unit 2 Day 14,Unit 2 Day 17
2023-11-07,Unit 2 Day 23,Unit 2 Day 17,Unit 2 Day 22,Unit 2 Day 20,Unit 2 Day 17,Unit 2 Day 15,Unit 2 Day 18,Unit 2 Day 19,Unit 2 Day 15,Unit 2 Day 18,Unit 2 Day 15,Unit 2 Day 23,Unit 2 Day 22,Unit 2 Day 15,Unit 2 Day 18
2023-11-08,Unit 2 Day 24,Unit 2 Day 18,Unit 2 Quiz 3,Unit 2 Day 21,Unit 2 Day 18,Unit 2 Quiz 2,Unit 2 Day 19,Unit 2 Day 20,Unit 2 Quiz 2,Unit 2 Day 19,Unit 2 Quiz 2,Unit 2 Quiz 3,Unit 2 Day 23,Unit 2 Quiz 2,Unit 2 Day 19
2023-11-09,Unit 2 Day 25,Unit 2 Day 19,Unit 2 Review Day 1,Unit 2 Day 22,Unit 2 Day 19,Unit 2 Day 17,Unit 2 Day 20,Unit 2 Day 21,Unit 2 Day 17,Unit 2 Day 20,Unit 2 Day 17,Unit 2 Day 25,Unit 2 Quiz 3,Unit 2 Day 17,Unit 2 Day 20
2023-11-10,Unit 2 Quiz 3,Unit 2 Day 20,Unit 2 Review Day 2,Unit 2 Day 23,Unit 2 Day 20,Unit 2 Day 18,Unit 2 Day 21,Unit 2 Day 22,Unit 2 Day 18,Unit 2 Day 21,Unit 2 Day 18,Unit 2 Day 26,Unit 2 Review Day 1,Unit 2 Day 18,Unit 2 Day 21
2023-11-13,Unit 2 Review Day 1,Unit 2 Day 21,Unit 2 Unit Test,Unit 2 Day 24,Unit 2 Day 21,Unit 2 Day 19,Unit 2 Day 22,Unit 2 Day 23,Unit 2 Day 19,Unit 2 Day 22,Unit 2 Day 19,Unit 2 Day 27,Unit 2 Review Day 2,Unit 2 Day 19,Unit 2 Day 22
2023-11-14,Unit 2 Review Day 2,Unit 2 Day 22,Unit 3 Day 1,Unit 2 Day 25,Unit 2 Day 22,Unit 2 Day 20,Unit 2 Day 23,Unit 2 Quiz 3,Unit 2 Day 20,Unit 2 Day 23,Unit 2 Day 20,Unit 2 Day 28,Unit 2 Unit Test,Unit 2 Day 20,Unit 2 Quiz 3
2023-11-15,Unit 2 Unit Test,Unit 2 Day 23,Unit 3 Day 2,Unit 2 Day 26,Unit 2 Day 23,Unit 2 Day 21,Unit 2 Quiz 3,Unit 2 Day 25,Unit 2 Day 21,Unit 2 Day 24,Unit 2 Day 21,Unit 2 Day 29,Unit 3 Day 1,Unit 2 Quiz 3,Unit 2 Review Day 1
2023-11-16,Unit 3 Day 1,Unit 2 Quiz 3,Unit 3 Day 3,Unit 2 Day 27,Unit 2 Day 24,Unit 2 Day 22,Unit 2 Day 25,Unit 2 Day 26,Unit 2 Day 22,Unit 2 Day 25,Unit 2 Day 22,Unit 2 Quiz 4,Unit 3 Day 2,Unit 2 Review Day 1,Unit 2 Review Day 2
2023-11-17,Unit 3 Day 2,Unit 2 Day 25,Unit 3 Day 4,Unit 2 Quiz 3,Unit 2 Quiz 3,Unit 2 Day 23,Unit 2 Day 26,Unit 2 Day 27,Unit 2 Day 23,Unit 2 Quiz 3,Unit 2 Day 23,Unit 2 Review Day 1,Unit 3 Day 3,Unit 2 Review Day 2,Unit 2 Unit Test
2023-11-20,Unit 3 Day 3,Unit 2 Day 26,Unit 3 Day 5,Unit 2 Review Day 1,Unit 2 Review Day 1,Unit 2 Day 24,Unit 2 Day 27,Unit 2 Day 28,Unit 2 Quiz 3,Unit 2 Review Day 1,Unit 2 Day 24,Unit 2 Review Day 2,Unit 3 Day 4,Unit 2 Unit Test,Unit 3 Day 1
2023-11-21,Unit 3 Day 4,Unit 2 Day 27,Unit 3 Day 6,Unit 2 Review Day 2,Unit 2 Review Day 2,Unit 2 Day 25,Unit 2 Day 28,Unit 2 Quiz 4,Unit 2 Day 25,Unit 2 Review Day 2,Unit 2 Day 25,Unit 2 Unit Test,Unit 3 Day 5,Unit 3 Day 1,Unit 3 Day 2
2023-11-22,Unit 3 Day 5,Unit 2 Day 28,Unit 3 Day 7,Unit 2 Unit Test,Unit 2 Unit Test,Unit 2 Day 26,Unit 2 Day 29,Unit 2 Review Day 1,Unit 2 Day 26,Unit 2 Unit Test,Unit 2 Quiz 3,Unit 3 Day 1,Unit 3 Day 6,Unit 3 Day 2,Unit 3 Day 3
2023-11-23,Unit 3 Day 6,Unit 2 Day 29,Unit 3 Quiz 1,Unit 3 Day 1,Unit 3 Day 1,Unit 2 Quiz 3,Unit 2 Quiz 4,Unit 2 Review Day 2,Unit 2 Day 27,Unit 3 Day 1,Unit 2 Review Day 1,Unit 3 Day 2,Unit 3 Day 7,Unit 3 Day 3,Unit 3 Day 4
2023-11-24,Unit 3 Day 7,Unit 2 Quiz 4,Unit 3 Day 9,Unit 3 Day 2,Unit 3 Day 2,Unit 2 Review Day 1,Unit 2 Review Day 1,Unit 2 Unit Test,Unit 2 Day 28,Unit 3 Day 2,Unit 2 Review Day 2,Unit 3 Day 3,Unit 3 Quiz 1,Unit 3 Day 4,Unit 3 Day 5
2023-11-27,Unit 3 Quiz 1,Unit 2 Review Day 1,Unit 3 Day 10,Unit 3 Day 3,Unit 3 Day 3,Unit 2 Review Day 2,Unit 2 Review Day 2,Unit 3 Day 1,Unit 2 Quiz 4,Unit 3 Day 3,Unit 2 Unit Test,Unit 3 Day 4,Unit 3 Day 9,Unit 3 Day 5,Unit 3 Day 6
2023-11-28,Unit 3 Day 9,Unit 2 Review Day 2,Unit 3 Day 11,Unit 3 Day 4,Unit 3 Day 4,Unit 2 Unit Test,Unit 2 Unit Test,Unit 3 Day 2,Unit 2 Review Day 1,Unit 3 Day 4,Unit 3 Day 1,Unit 3 Day 5,Unit 3 Day 10,Unit 3 Day 6,Unit 3 Day 7
2023-11-29,Unit 3 Day 10,Unit 2 Unit Test,Unit 3 Day 12,Unit 3 Day 5,Unit 3 Day 5,Unit 3 Day 1,Unit 3 Day 1,Unit 3 Day 3,Unit 2 Review Day 2,Unit 3 Day 5,Unit 3 Day 2,Unit 3 Day 6,Unit 3 Day 11,Unit 3 Day 7,Unit 3 Quiz 1
2023-11-30,Unit 3 Day 11,Unit 3 Day 1,Unit 3 Day 13,Unit 3 Day 6,Unit 3 Day 6,Unit 3 Day 2,Unit 3 Day 2,Unit 3 Day 4,Unit 2 Unit Test,Unit 3 Day 6,Unit 3 Day 3,Unit 3 Day 7,Unit 3 Day 12,Unit 3 Quiz 1,Unit 3 Day 9
2023-12-01,Unit 3 Day 12,Unit 3 Day 2,Unit 3 Day 14,Unit 3 Day 7,Unit 3 Day 7,Unit 3 Day 3,Unit 3 Day 3,Unit 3 Day 5,Unit 3 Day 1,Unit 3 Day 7,Unit 3 Day 4,Unit 3 Quiz 1,Unit 3 Day 13,Unit 3 Day 9,Unit 3 Day 10
2023-12-04,Unit 3 Day 13,Unit 3 Day 3,Unit 3 Day 15,Unit 3 Quiz 1,Unit 3 Quiz 1,Unit 3 Day 4,Unit 3 Day 4,Unit 3 Day 6,Unit 3 Day 2,Unit 3 Quiz 1,Unit 3 Day 5,Unit 3 Day 9,Unit 3 Day 14,Unit 3 Day 10,Unit 3 Day 11
2023-12-05,Unit 3 Day 14,Unit 3 Day 4,Unit 3 Quiz 2,Unit 3 Day 9,Unit 3 Day 9,Unit 3 Day 5,Unit 3 Day 5,Unit 3 Day 7,Unit 3 Day 3,Unit 3 Day 9,Unit 3 Day 6,Unit 3 Day 10,Unit 3 Day 15,Unit 3 Day 11,Unit 3 Day 12
2023-12-06,Unit 3 Day 15,Unit 3 Day 5,Unit 3 Day 17,Unit 3 Day 10,Unit 3 Day 10,Unit 3 Day 6,Unit 3 Day 6,Unit 3 Quiz 1,Unit 3 Day 4,Unit 3 Day 10,Unit 3 Day 7,Unit 3 Day 11,Unit 3 Quiz 2,Unit 3 Day 12,Unit 3 Day 13
2023-12-07,Unit 3 Quiz 2,Unit 3 Day 6,Unit 3 Day 18,Unit 3 Day 11,Unit 3 Day 11,Unit 3 Day 7,Unit 3 Day 7,Unit 3 Day 9,Unit 3 Day 5,Unit 3 Day 11,Unit 3 Quiz 1,Unit 3 Day 12,Unit 3 Day 17,Unit 3 Day 13,Unit 3 Day 14
2023-12-08,Unit 3 Day 17,Unit 3 Day 7,Unit 3 Day 19,Unit 3 Day 12,Unit 3 Day 12,Unit 3 Quiz 1,Unit 3 Quiz 1,Unit 3 Day 10,Unit 3 Day 6,Unit 3 Day 12,Unit 3 Day 9,Unit 3 Day 13,Unit 3 Day 18,Unit 3 Day 14,Unit 3 Day 15
2023-12-11,Unit 3 Day 18,Unit 3 Quiz 1,Unit 3 Day 20,Unit 3 Day 13,Unit 3 Day 13,Unit 3 Day 9,Unit 3 Day 9,Unit 3 Day 11,Unit 3 Day 7,Unit 3 Day 13,Unit 3 Day 10,Unit 3 Day 14,Unit 3 Day 19,Unit 3 Day 15,Unit 3 Quiz 2
2023-12-12,Unit 3 Day 19,Unit 3 Day 9,Unit 3 Quiz 3,Unit 3 Day 14,Unit 3 Day 14,Unit 3 Day 10,Unit 3 Day 10,Unit 3 Day 12,Unit 3 Quiz 1,Unit 3 Day 14,Unit 3 Day 11,Unit 3 Day 15,Unit 3 Day 20,Unit 3 Quiz 2,Unit 3 Day 17
2023-12-13,Unit 3 Day 20,Unit 3 Day 10,Unit 3 Review Day 1,Unit 3 Day 15,Unit 3 Day 15,Unit 3 Day 11,Unit 3 Day 11,Unit 3 Day 13,Unit 3 Day 9,Unit 3 Day 15,Unit 3 Day 12,Unit 3 Quiz 2,Unit 3 Day 21,Unit 3 Day 17,Unit 3 Day 18
2023-12-14,Unit 3 Day 21,Unit 3 Day 11,Unit 3 Review Day 2,Unit 3 Quiz 2,Unit 3 Quiz 2,Unit 3 Day 12,Unit 3 Day 12,Unit 3 Day 14,Unit 3 Day 10,Unit 3 Quiz 2,Unit 3 Day 13,Unit 3 Day 17,Unit 3 Day 22,Unit 3 Day 18,Unit 3 Day 19
2023-12-15,Unit 3 Day 22,Unit 3 Day 12,Unit 3 Unit Test,Unit 3 Day 17,Unit 3 Day 17,Unit 3 Day 13,Unit 3 Day 13,Unit 3 Day 15,Unit 3 Day 11,Unit 3 Day 17,Unit 3 Day 14,Unit 3 Day 18,Unit 3 Quiz 3,Unit 3 Day 19,Unit 3 Day 20
2023-12-18,Unit 3 Day 23,Unit 3 Day 13,Unit 4 Day 1,Unit 3 Day 18,Unit 3 Day 18,Unit 3 Day 14,Unit 3 Day 14,Unit 3 Quiz 2,Unit 3 Day 12,Unit 3 Day 18,Unit 3 Day 15,Unit 3 Day 19,Unit 3 Review Day 1,Unit 3 Day 20,Unit 3 Day 21
2023-12-19,Unit 3 Quiz 3,Unit 3 Day 14,Unit 4 Day 2,Unit 3 Day 19,Unit 3 Day 19,Unit 3 Day 15,Unit 3 Day 15,Unit 3 Day 17,Unit 3 Day 13,Unit 3 Day 19,Unit 3 Quiz 2,Unit 3 Day 20,Unit 3 Review Day 2,Unit 3 Day 21,Unit 3 Day 22
2023-12-20,Unit 3 Day 25,Unit 3 Day 15,Unit 4 Day 3,Unit 3 Day 20,Unit 3 Day 20,Unit 3 Quiz 2,Unit 3 Quiz 2,Unit 3 Day 18,Unit 3 Day 14,Unit 3 Day 20,Unit 3 Day 17,Unit 3 Day 21,Unit 3 Unit Test,Unit 3 Day 22,Unit 3 Day 23
2023-12-21,Unit 3 Day 26,Unit 3 Quiz 2,Unit 4 Day 4,Unit 3 Day 21,Unit 3 Day 21,Unit 3 Day 17,Unit 3 Day 17,Unit 3 Day 19,Unit 3 Day 15,Unit 3 Day 21,Unit 3 Day 18,Unit 3 Quiz 3,Unit 4 Day 1,Unit 3 Day 23,Unit 3 Quiz 3
2023-12-22,Unit 3 Day 27,Unit 3 Day 17,Unit 4 Day 5,Unit 3 Day 22,Unit 3 Day 22,Unit 3 Day 18,Unit 3 Day 18,Unit 3 Day 20,Unit 3 Quiz 2,Unit 3 Day 22,Unit 3 Day 19,Unit 3 Review Day 1,Unit 4 Day 2,Unit 3 Quiz 3,Unit 3 Day 25
2023-12-25,Unit 3 Day 28,Unit 3 Day 18,Unit 4 Day 6,Unit 3 Day 23,Unit 3 Day 23,Unit 3 Day 19,Unit 3 Day 19,Unit 3 Day 21,Unit 3 Day 17,Unit 3 Day 23,Unit 3 Day 20,Unit 3 Review Day 2,Unit 4 Day 3,Unit 3 Day 25,Unit 3 Day 26
2023-12-26,Unit 3 Day 29,Unit 3 Day 19,Unit 4 Day 7,Unit 3 Quiz 3,Unit 3 Day 24,Unit 3 Day 20,Unit 3 Day 20,Unit 3 Day 22,Unit 3 Day 18,Unit 3 Day 24,Unit 3 Day 21,Unit 3 Unit Test,Unit 4 Day 4,Unit 3 Day 26,Unit 3 Day 27
2023-12-27,Unit 3 Quiz 4,Unit 3 Day 20,Unit 4 Quiz 1,Unit 3 Review Day 1,Unit 3 Day 25,Unit 3 Day 21,Unit 3 Day 21,Unit 3 Day 23,Unit 3 Day 19,Unit 3 Day 25,Unit 3 Day 22,Unit 4 Day 1,Unit 4 Day 5,Unit 3 Day 27,Unit 3 Day 28
2023-12-28,Unit 3 Review Day 1,Unit 3 Day 21,Unit 4 Day 9,Unit 3 Review Day 2,Unit 3 Day 26,Unit 3 Quiz 3,Unit 3 Day 22,Unit 3 Quiz 3,Unit 3 Day 20,Unit 3 Day 26,Unit 3 Day 23,Unit 4 Day 2,Unit 4 Day 6,Unit 3 Day 28,Unit 3 Quiz 4
2023-12-29,Unit 3 Review Day 2,Unit 3 Day 22,Unit 4 Day 10,Unit 3 Unit Test,Unit 3 Quiz 3,Unit 3 Review Day 1,Unit 3 Day 23,Unit 3 Day 25,Unit 3 Day 21,Unit 3 Quiz 3,Unit 3 Day 24,Unit 4 Day 3,Unit 4 Day 7,Unit 3 Day 29,Unit 3 Review Day 1
2024-01-01,Unit 3 Unit Test,Unit 3 Quiz 3,Unit 4 Day 11,Unit 4 Day 1,Unit 3 Review Day 1,Unit 3 Review Day 2,Unit 3 Day 24,Unit 3 Day 26,Unit 3 Day 22,Unit 3 Review Day 1,Unit 3 Day 25,Unit 4 Day 4,Unit 4 Quiz 1,Unit 3 Quiz 4,Unit 3 Review Day 2
2024-01-02,Unit 4 Day 1,Unit 3 Review Day 1,Unit 4 Day 12,Unit 4 Day 2,Unit 3 Review Day 2,Unit 3 Unit Test,Unit 3 Quiz 3,Unit 3 Day 27,Unit 3 Day 23,Unit 3 Review Day 2,Unit 3 Quiz 3,Unit 4 Day 5,Unit 4 Day 9,Unit 3 Review Day 1,Unit 3 Unit Test
2024-01-03,Unit 4 Day 2,Unit 3 Review Day 2,Unit 4 Day 13,Unit 4 Day 3,Unit 3 Unit Test,Unit 4 Day 1,Unit 3 Review Day 1,Unit 3 Day 28,Unit 3 Day 24,Unit 3 Unit Test,Unit 3 Review Day 1,Unit 4 Day 6,Unit 4 Day 10,Unit 3 Review Day 2,Unit 4 Day 1
2024-01-04,Unit 4 Day 3,Unit 3 Unit Test,Unit 4 Day 14,Unit 4 Day 4,Unit 4 Day 1,Unit 4 Day 2,Unit 3 Review Day 2,Unit 3 Day 29,Unit 3 Day 25,Unit 4 Day 1,Unit 3 Review Day 2,Unit 4 Day 7,Unit 4 Day 11,Unit 3 Unit Test,Unit 4 Day 2
2024-01-05,Unit 4 Day 4,Unit 4 Day 1,Unit 4 Day 15,Unit 4 Day 5,Unit 4 Day 2,Unit 4 Day 3,Unit 3 Unit Test,Unit 3 Quiz 4,Unit 3 Quiz 3,Unit 4 Day 2,Unit 3 Unit Test,Unit 4 Quiz 1,Unit 4 Day 12,Unit 4 Day 1,Unit 4 Day 3
2024-01-08,Unit 4 Day 5,Unit 4 Day 2,Unit 4 Quiz 2,Unit 4 Day 6,Unit 4 Day 3,Unit 4 Day 4,Unit 4 Day 1,Unit 3 Review Day 1,Unit 3 Review Day 1,Unit 4 Day 3,Unit 4 Day 1,Unit 4 Day 9,Unit 4 Day 13,Unit 4 Day 2,Unit 4 Day 4
2024-01-09,Unit 4 Day 6,Unit 4 Day 3,Unit 4 Day 17,Unit 4 Day 7,Unit 4 Day 4,Unit 4 Day 5,Unit 4 Day 2,Unit 3 Review Day 2,Unit 3 Review Day 2,Unit 4 Day 4,Unit 4 Day 2,Unit 4 Day 10,Unit 4 Day 14,Unit 4 Day 3,Unit 4 Day 5
2024-01-10,Unit 4 Day 7,Unit 4 Day 4,Unit 4 Day 18,Unit 4 Quiz 1,Unit 4 Day 5,Unit 4 Day 6,Unit 4 Day 3,Unit 3 Unit Test,Unit 3 Unit Test,Unit 4 Day 5,Unit 4 Day 3,Unit 4 Day 11,Unit 4 Day 15,Unit 4 Day 4,Unit 4 Day 6
2024-01-11,Unit 4 Quiz 1,Unit 4 Day 5,Unit 4 Day 19,Unit 4 Day 9,Unit 4 Day 6,Unit 4 Day 7,Unit 4 Day 4,Unit 4 Day 1,Unit 4 Day 1,Unit 4 Day 6,Unit 4 Day 4,Unit 4 Day 12,Unit 4 Quiz 2,Unit 4 Day 5,Unit 4 Day 7
2024-01-12,Unit 4 Day 9,Unit 4 Day 6,Unit 4 Day 20,Unit 4 Day 10,Unit 4 Day 7,Unit 4 Quiz 1,Unit 4 Day 5,Unit 4 Day 2,Unit 4 Day 2,Unit 4 Day 7,Unit 4 Day 5,Unit 4 Day 13,Unit 4 Day 17,Unit 4 Day 6,Unit 4 Quiz 1
2024-01-15,Unit 4 Day 10,Unit 4 Day 7,Unit 4 Quiz 3,Unit 4 Day 11,Unit 4 Quiz 1,Unit 4 Day 9,Unit 4 Day 6,Unit 4 Day 3,Unit 4 Day 3,Unit 4 Quiz 1,Unit 4 Day 6,Unit 4 Day 14,Unit 4 Day 18,Unit 4 Day 7,Unit 4 Day 9
2024-01-16,Unit 4 Day 11,Unit 4 Quiz 1,Unit 4 Review Day 1,Unit 4 Day 12,Unit 4 Day 9,Unit 4 Day 10,Unit 4 Day 7,Unit 4 Day 4,Unit 4 Day 4,Unit 4 Day 9,Unit 4 Day 7,Unit 4 Day 15,Unit 4 Day 19,Unit 4 Quiz 1,Unit 4 Day 10
2024-01-17,Unit 4 Day 12,Unit 4 Day 9,Unit 4 Review Day 2,Unit 4 Day 13,Unit 4 Day 10,Unit 4 Day 11,Unit 4 Quiz 1,Unit 4 Day 5,Unit 4 Day 5,Unit 4 Day 10,Unit 4 Quiz 1,Unit 4 Quiz 2,Unit 4 Day 20,Unit 4 Day 9,Unit 4 Day 11
2024-01-18,Unit 4 Day 13,Unit 4 Day 10,Unit 4 Unit Test,Unit 4 Day 14,Unit 4 Day 11,Unit 4 Day 12,Unit 4 Day 9,Unit 4 Day 6,Unit 4 Day 6,Unit 4 Day 11,Unit 4 Day 9,Unit 4 Day 17,Unit 4 Day 21,Unit 4 Day 10,Unit 4 Day 12
2024-01-19,Unit 4 Day 14,Unit 4 Day 11,Unit 5 Day 1,Unit 4 Day 15,Unit 4 Day 12,Unit 4 Day 13,Unit 4 Day 10,Unit 4 Day 7,Unit 4 Day 7,Unit 4 Day 12,Unit 4 Day 10,Unit 4 Day 18,Unit 4 Day 22,Unit 4 Day 11,Unit 4 Day 13
2024-01-22,Unit 4 Day 15,Unit 4 Day 12,Unit 5 Day 2,Unit 4 Quiz 2,Unit 4 Day 13,Unit 4 Day 14,Unit 4 Day 11,Unit 4 Quiz 1,Unit 4 Quiz 1,Unit 4 Day 13,Unit 4 Day 11,Unit 4 Day 19,Unit 4 Day 23,Unit 4 Day 12,Unit 4 Day 14
2024-01-23,Unit 4 Quiz 2,Unit 4 Day 13,Unit 5 Day 3,Unit 4 Day 17,Unit 4 Day 14,Unit 4 Day 15,Unit 4 Day 12,Unit 4 Day 9,Unit 4 Day 9,Unit 4 Day 14,Unit 4 Day 12,Unit 4 Day 20,Unit 4 Day 24,Unit 4 Day 13,Unit 4 Day 15
2024-01-24,Unit 4 Day 17,Unit 4 Day 14,Unit 5 Day 4,Unit 4 Day 18,Unit 4 Day 15,Unit 4 Quiz 2,Unit 4 Day 13,Unit 4 Day 10,Unit 4 Day 10,Unit 4 Day 15,Unit 4 Day 13,Unit 4 Day 21,Unit 4 Quiz 3,Unit 4 Day 14,Unit 4 Quiz 2
2024-01-25,Unit 4 Day 18,Unit 4 Day 15,Unit 5 Day 5,Unit 4 Day 19,Unit 4 Quiz 2,Unit 4 Day 17,Unit 4 Day 14,Unit 4 Day 11,Unit 4 Day 11,Unit 4 Quiz 2,Unit 4 Day 14,Unit 4 Day 22,Unit 4 Review Day 1,Unit 4 Day 15,Unit 4 Day 17
2024-01-26,Unit 4 Day 19,Unit 4 Quiz 2,Unit 5 Day 6,Unit 4 Day 20,Unit 4 Day 17,Unit 4 Day 18,Unit 4 Day 15,Unit 4 Day 12,Unit 4 Day 12,Unit 4 Day 17,Unit 4 Day 15,Unit 4 Day 23,Unit 4 Review Day 2,Unit 4 Quiz 2,Unit 4 Day 18
2024-01-29,Unit 4 Day 20,Unit 4 Day 17,Unit 5 Day 7,Unit 4 Day 21,Unit 4 Day 18,Unit 4 Day 19,Unit 4 Quiz 2,Unit 4 Day 13,Unit 4 Day 13,Unit 4 Day 18,Unit 4 Quiz 2,Unit 4 Quiz 3,Unit 4 Unit Test,Unit 4 Day 17,Unit 4 Day 19
2024-01-30,Unit 4 Day 21,Unit 4 Day 18,Unit 5 Quiz 1,Unit 4 Quiz 3,Unit 4 Day 19,Unit 4 Day 20,Unit 4 Day 17,Unit 4 Day 14,Unit 4 Day 14,Unit 4 Day 19,Unit 4 Day 17,Unit 4 Day 25,Unit 5 Day 1,Unit 4 Day 18,Unit 4 Day 20
2024-01-31,Unit 4 Day 22,Unit 4 Day 19,Unit 5 Day 9,Unit 4 Review Day 1,Unit 4 Day 20,Unit 4 Day 21,Unit 4 Day 18,Unit 4 Day 15,Unit 4 Day 15,Unit 4 Day 20,Unit 4 Day 18,Unit 4 Day 26,Unit 5 Day 2,Unit 4 Day 19,Unit 4 Day 21
2024-02-01,Unit 4 Day 23,Unit 4 Day 20,Unit 5 Day 10,Unit 4 Review Day 2,Unit 4 Day 21,Unit 4 Day 22,Unit 4 Day 19,Unit 4 Quiz 2,Unit 4 Quiz 2,Unit 4 Quiz 3,Unit 4 Day 19,Unit 4 Day 27,Unit 5 Day 3,Unit 4 Day 20,Unit 4 Day 22
2024-02-02,Unit 4 Day 24,Unit 4 Quiz 3,Unit 5 Day 11,Unit 4 Unit Test,Unit 4 Day 22,Unit 4 Day 23,Unit 4 Day 20,Unit 4 Day 17,Unit 4 Day 17,Unit 4 Review Day 1,Unit 4 Day 20,Unit 4 Day 28,Unit 5 Day 4,Unit 4 Day 21,Unit 4 Quiz 3
2024-02-05,Unit 4 Day 25,Unit 4 Review Day 1,Unit 5 Day 12,Unit 5 Day 1,Unit 4 Quiz 3,Unit 4 Quiz 3,Unit 4 Day 21,Unit 4 Day 18,Unit 4 Day 18,Unit 4 Review Day 2,Unit 4 Quiz 3,Unit 4 Day 29,Unit 5 Day 5,Unit 4 Day 22,Unit 4 Review Day 1
2024-02-06,Unit 4 Day 26,Unit 4 Review Day 2,Unit 5 Day 13,Unit 5 Day 2,Unit 4 Review Day 1,Unit 4 Day 25,Unit 4 Day 22,Unit 4 Day 19,Unit 4 Day 19,Unit 4 Unit Test,Unit 4 Review Day 1,Unit 4 Quiz 4,Unit 5 Day 6,Unit 4 Day 23,Unit 4 Review Day 2
2024-02-07,Unit 4 Quiz 3,Unit 4 Unit Test,Unit 5 Day 14,Unit 5 Day 3,Unit 4 Review Day 2,Unit 4 Day 26,Unit 4 Day 23,Unit 4 Day 20,Unit 4 Day 20,Unit 5 Day 1,Unit 4 Review Day 2,Unit 4 Review Day 1,Unit 5 Day 7,Unit 4 Day 24,Unit 4 Unit Test
2024-02-08,Unit 4 Review Day 1,Unit 5 Day 1,Unit 5 Day 15,Unit 5 Day 4,Unit 4 Unit Test,Unit 4 Day 27,Unit 4 Quiz 3,Unit 4 Day 21,Unit 4 Day 21,Unit 5 Day 2,Unit 4 Unit Test,Unit 4 Review Day 2,Unit 5 Quiz 1,Unit 4 Day 25,Unit 5 Day 1
2024-02-09,Unit 4 Review Day 2,Unit 5 Day 2,Unit 5 Quiz 2,Unit 5 Day 5,Unit 5 Day 1,Unit 4 Day 28,Unit 4 Review Day 1,Unit 4 Day 22,Unit 4 Quiz 3,Unit 5 Day 3,Unit 5 Day 1,Unit 4 Unit Test,Unit 5 Day 9,Unit 4 Quiz 3,Unit 5 Day 2
2024-02-12,Unit 4 Unit Test,Unit 5 Day 3,Unit 5 Day 17,Unit 5 Day 6,Unit 5 Day 2,Unit 4 Day 29,Unit 4 Review Day 2,Unit 4 Day 23,Unit 4 Review Day 1,Unit 5 Day 4,Unit 5 Day 2,Unit 5 Day 1,Unit 5 Day 10,Unit 4 Review Day 1,Unit 5 Day 3
2024-02-13,Unit 5 Day 1,Unit 5 Day 4,Unit 5 Day 18,Unit 5 Day 7,Unit 5 Day 3,Unit 4 Quiz 4,Unit 4 Unit Test,Unit 4 Day 24,Unit 4 Review Day 2,Unit 5 Day 5,Unit 5 Day 3,Unit 5 Day 2,Unit 5 Day 11,Unit 4 Review Day 2,Unit 5 Day 4
2024-02-14,Unit 5 Day 2,Unit 5 Day 5,Unit 5 Day 19,Unit 5 Quiz 1,Unit 5 Day 4,Unit 4 Review Day 1,Unit 5 Day 1,Unit 4 Day 25,Unit 4 Unit Test,Unit 5 Day 6,Unit 5 Day 4,Unit 5 Day 3,Unit 5 Day 12,Unit 4 Unit Test,Unit 5 Day 5
2024-02-15,Unit 5 Day 3,Unit 5 Day 6,Unit 5 Day 20,Unit 5 Day 9,Unit 5 Day 5,Unit 4 Review Day 2,Unit 5 Day 2,Unit 4 Day 26,Unit 5 Day 1,Unit 5 Day 7,Unit 5 Day 5,Unit 5 Day 4,Unit 5 Day 13,Unit 5 Day 1,Unit 5 Day 6
2024-02-16,Unit 5 Day 4,Unit 5 Day 7,Unit 5 Day 21,Unit 5 Day 10,Unit 5 Day 6,Unit 4 Unit Test,Unit 5 Day 3,Unit 4 Quiz 3,Unit 5 Day 2,Unit 5 Quiz 1,Unit 5 Day 6,Unit 5 Day 5,Unit 5 Day 14,Unit 5 Day 2,Unit 5 Day 7
2024-02-19,Unit 5 Day 5,Unit 5 Quiz 1,Unit 5 Day 22,Unit 5 Day 11,Unit 5 Day 7,Unit 5 Day 1,Unit 5 Day 4,Unit 4 Review Day 1,Unit 5 Day 3,Unit 5 Day 9,Unit 5 Day 7,Unit 5 Day 6,Unit 5 Day 15,Unit 5 Day 3,Unit 5 Quiz 1
2024-02-20,Unit 5 Day 6,Unit 5 Day 9,Unit 5 Day 23,Unit 5 Day 12,Unit 5 Quiz 1,Unit 5 Day 2,Unit 5 Day 5,Unit 4 Review Day 2,Unit 5 Day 4,Unit 5 Day 10,Unit 5 Quiz 1,Unit 5 Day 7,Unit 5 Quiz 2,Unit 5 Day 4,Unit 5 Day 9
2024-02-21,Unit 5 Day 7,Unit 5 Day 10,Unit 5 Quiz 3,Unit 5 Day 13,Unit 5 Day 9,Unit 5 Day 3,Unit 5 Day 6,Unit 4 Unit Test,Unit 5 Day 5,Unit 5 Day 11,Unit 5 Day 9,Unit 5 Quiz 1,Unit 5 Day 17,Unit 5 Day 5,Unit 5 Day 10
2024-02-22,Unit 5 Quiz 1,Unit 5 Day 11,Unit 5 Day 25,Unit 5 Day 14,Unit 5 Day 10,Unit 5 Day 4,Unit 5 Day 7,Unit 5 Day 1,Unit 5 Day 6,Unit 5 Day 12,Unit 5 Day 10,Unit 5 Day 9,Unit 5 Day 18,Unit 5 Day 6,Unit 5 Day 11
2024-02-23,Unit 5 Day 9,Unit 5 Day 12,Unit 5 Day 26,Unit 5 Day 15,Unit 5 Day 11,Unit 5 Day 5,Unit 5 Quiz 1,Unit 5 Day 2,Unit 5 Day 7,Unit 5 Day 13,Unit 5 Day 11,Unit 5 Day 10,Unit 5 Day 19,Unit 5 Day 7,Unit 5 Day 12
2024-02-26,Unit 5 Day 10,Unit 5 Day 13,Unit 5 Day 27,Unit 5 Quiz 2,Unit 5 Day 12,Unit 5 Day 6,Unit 5 Day 9,Unit 5 Day 3,Unit 5 Quiz 1,Unit 5 Day 14,Unit 5 Day 12,Unit 5 Day 11,Unit 5 Day 20,Unit 5 Quiz 1,Unit 5 Day 13
2024-02-27,Unit 5 Day 11,Unit 5 Day 14,Unit 5 Day 28,Unit 5 Day 17,Unit 5 Day 13,Unit 5 Day 7,Unit 5 Day 10,Unit 5 Day 4,Unit 5 Day 9,Unit 5 Day 15,Unit 5 Day 13,Unit 5 Day 12,Unit 5 Day 21,Unit 5 Day 9,Unit 5 Day 14
2024-02-28,Unit 5 Day 12,Unit 5 Day 15,Unit 5 Quiz 4,Unit 5 Day 18,Unit 5 Day 14,Unit 5 Quiz 1,Unit 5 Day 11,Unit 5 Day 5,Unit 5 Day 10,Unit 5 Quiz 2,Unit 5 Day 14,Unit 5 Day 13,Unit 5 Day 22,Unit 5 Day 10,Unit 5 Day 15
2024-02-29,Unit 5 Day 13,Unit 5 Quiz 2,Unit 5 Review Day 1,Unit 5 Day 19,Unit 5 Day 15,Unit 5 Day 9,Unit 5 Day 12,Unit 5 Day 6,Unit 5 Day 11,Unit 5 Day 17,Unit 5 Day 15,Unit 5 Day 14,Unit 5 Day 23,Unit 5 Day 11,Unit 5 Quiz 2
2024-03-01,Unit 5 Day 14,Unit 5 Day 17,Unit 5 Review Day 2,Unit 5 Day 20,Unit 5 Quiz 2,Unit 5 Day 10,Unit 5 Day 13,Unit 5 Day 7,Unit 5 Day 12,Unit 5 Day 18,Unit 5 Quiz 2,Unit 5 Day 15,Unit 5 Quiz 3,Unit 5 Day 12,Unit 5 Day 17
2024-03-04,Unit 5 Day 15,Unit 5 Day 18,Unit 5 Unit Test,Unit 5 Day 21,Unit 5 Day 17,Unit 5 Day 11,Unit 5 Day 14,Unit 5 Quiz 1,Unit 5 Day 13,Unit 5 Day 19,Unit 5 Day 17,Unit 5 Quiz 2,Unit 5 Day 25,Unit 5 Day 13,Unit 5 Day 18
2024-03-05,Unit 5 Quiz 2,Unit 5 Day 19,Unit 6 Day 1,Unit 5 Day 22,Unit 5 Day 18,Unit 5 Day 12,Unit 5 Day 15,Unit 5 Day 9,Unit 5 Day 14,Unit 5 Day 20,Unit 5 Day 18,Unit 5 Day 17,Unit 5 Day 26,Unit 5 Day 14,Unit 5 Day 19
2024-03-06,Unit 5 Day 17,Unit 5 Day 20,Unit 6 Day 2,Unit 5 Day 23,Unit 5 Day 19,Unit 5 Day 13,Unit 5 Quiz 2,Unit 5 Day 10,Unit 5 Day 15,Unit 5 Day 21,Unit 5 Day 19,Unit 5 Day 18,Unit 5 Day 27,Unit 5 Day 15,Unit 5 Day 20
2024-03-07,Unit 5 Day 18,Unit 5 Day 21,Unit 6 Day 3,Unit 5 Quiz 3,Unit 5 Day 20,Unit 5 Day 14,Unit 5 Day 17,Unit 5 Day 11,Unit 5 Quiz 2,Unit 5 Day 22,Unit 5 Day 20,Unit 5 Day 19,Unit 5 Day 28,Unit 5 Quiz 2,Unit 5 Quiz 3
2024-03-08,Unit 5 Day 19,Unit 5 Day 22,Unit 6 Day 4,Unit 5 Day 25,Unit 5 Day 21,Unit 5 Day 15,Unit 5 Day 18,Unit 5 Day 12,Unit 5 Day 17,Unit 5 Day 23,Unit 5 Day 21,Unit 5 Day 20,Unit 5 Quiz 4,Unit 5 Day 17,Unit 5 Review Day 1
2024-03-11,Unit 5 Day 20,Unit 5 Day 23,Unit 6 Day 5,Unit 5 Day 26,Unit 5 Day 22,Unit 5 Quiz 2,Unit 5 Day 19,Unit 5 Day 13,Unit 5 Day 18,Unit 5 Day 24,Unit 5 Day 22,Unit 5 Day 21,Unit 5 Review Day 1,Unit 5 Day 18,Unit 5 Review Day 2
2024-03-12,Unit 5 Day 21,Unit 5 Quiz 3,Unit 6 Day 6,Unit 5 Day 27,Unit 5 Day 23,Unit 5 Day 17,Unit 5 Day 20,Unit 5 Day 14,Unit 5 Day 19,Unit 5 Day 25,Unit 5 Day 23,Unit 5 Day 22,Unit 5 Review Day 2,Unit 5 Day 19,Unit 5 Unit Test
2024-03-13,Unit 5 Day 22,Unit 5 Review Day 1,Unit 6 Day 7,Unit 5 Day 28,Unit 5 Day 24,Unit 5 Day 18,Unit 5 Day 21,Unit 5 Day 15,Unit 5 Day 20,Unit 5 Day 26,Unit 5 Quiz 3,Unit 5 Day 23,Unit 5 Unit Test,Unit 5 Day 20,Unit 6 Day 1
2024-03-14,Unit 5 Day 23,Unit 5 Review Day 2,Unit 6 Quiz 1,Unit 5 Quiz 4,Unit 5 Quiz 3,Unit 5 Day 19,Unit 5 Day 22,Unit 5 Quiz 2,Unit 5 Day 21,Unit 5 Quiz 3,Unit 5 Review Day 1,Unit 5 Quiz 3,Unit 6 Day 1,Unit 5 Day 21,Unit 6 Day 2
2024-03-15,Unit 5 Day 24,Unit 5 Unit Test,Unit 6 Day 9,Unit 5 Review Day 1,Unit 5 Review Day 1,Unit 5 Day 20,Unit 5 Day 23,Unit 5 Day 17,Unit 5 Day 22,Unit 5 Review Day 1,Unit 5 Review Day 2,Unit 5 Day 25,Unit 6 Day 2,Unit 5 Quiz 3,Unit 6 Day 3
2024-03-18,Unit 5 Day 25,Unit 6 Day 1,Unit 6 Day 10,Unit 5 Review Day 2,Unit 5 Review Day 2,Unit 5 Day 21,Unit 5 Quiz 3,Unit 5 Day 18,Unit 5 Day 23,Unit 5 Review Day 2,Unit 5 Unit Test,Unit 5 Day 26,Unit 6 Day 3,Unit 5 Review Day 1,Unit 6 Day 4
2024-03-19,Unit 5 Quiz 3,Unit 6 Day 2,Unit 6 Day 11,Unit 5 Unit Test,Unit 5 Unit Test,Unit 5 Quiz 3,Unit 5 Review Day 1,Unit 5 Day 19,Unit 5 Quiz 3,Unit 5 Unit Test,Unit 6 Day 1,Unit 5 Day 27,Unit 6 Day 4,Unit 5 Review Day 2,Unit 6 Day 5
2024-03-20,Unit 5 Review Day 1,Unit 6 Day 3,Unit 6 Day 12,Unit 6 Day 1,Unit 6 Day 1,Unit 5 Review Day 1,Unit 5 Review Day 2,Unit 5 Day 20,Unit 5 Day 25,Unit 6 Day 1,Unit 6 Day 2,Unit 5 Day 28,Unit 6 Day 5,Unit 5 Unit Test,Unit 6 Day 6
2024-03-21,Unit 5 Review Day 2,Unit 6 Day 4,Unit 6 Day 13,Unit 6 Day 2,Unit 6 Day 2,Unit 5 Review Day 2,Unit 5 Unit Test,Unit 5 Day 21,Unit 5 Day 26,Unit 6 Day 2,Unit 6 Day 3,Unit 5 Day 29,Unit 6 Day 6,Unit 6 Day 1,Unit 6 Day 7
2024-03-22,Unit 5 Unit Test,Unit 6 Day 5,Unit 6 Day 14,Unit 6 Day 3,Unit 6 Day 3,Unit 5 Unit Test,Unit 6 Day 1,Unit 5 Day 22,Unit 5 Day 27,Unit 6 Day 3,Unit 6 Day 4,Unit 5 Quiz 4,Unit 6 Day 7,Unit 6 Day 2,Unit 6 Quiz 1
2024-03-25,Unit 6 Day 1,Unit 6 Day 6,Unit 6 Day 15,Unit 6 Day 4,Unit 6 Day 4,Unit 6 Day 1,Unit 6 Day 2,Unit 5 Day 23,Unit 5 Day 28,Unit 6 Day 4,Unit 6 Day 5,Unit 5 Review Day 1,Unit 6 Quiz 1,Unit 6 Day 3,Unit 6 Day 9
2024-03-26,Unit 6 Day 2,Unit 6 Day 7,Unit 6 Quiz 2,Unit 6 Day 5,Unit 6 Day 5,Unit 6 Day 2,Unit 6 Day 3,Unit 5 Day 24,Unit 5 Day 29,Unit 6 Day 5,Unit 6 Day 6,Unit 5 Review Day 2,Unit 6 Day 9,Unit 6 Day 4,Unit 6 Day 10
2024-03-27,Unit 6 Day 3,Unit 6 Quiz 1,Unit 6 Day 17,Unit 6 Day 6,Unit 6 Day 6,Unit 6 Day 3,Unit 6 Day 4,Unit 5 Day 25,Unit 5 Quiz 4,Unit 6 Day 6,Unit 6 Day 7,Unit 5 Unit Test,Unit 6 Day 10,Unit 6 Day 5,Unit 6 Day 11
2024-03-28,Unit 6 Day 4,Unit 6 Day 9,Unit 6 Day 18,Unit 6 Day 7,Unit 6 Day 7,Unit 6 Day 4,Unit 6 Day 5,Unit 5 Quiz 3,Unit 5 Review Day 1,Unit 6 Day 7,Unit 6 Quiz 1,Unit 6 Day 1,Unit 6 Day 11,Unit 6 Day 6,Unit 6 Day 12
2024-03-29,Unit 6 Day 5,Unit 6 Day 10,Unit 6 Day 19,Unit 6 Quiz 1,Unit 6 Quiz 1,Unit 6 Day 5,Unit 6 Day 6,Unit 5 Review Day 1,Unit 5 Review Day 2,Unit 6 Quiz 1,Unit 6 Day 9,Unit 6 Day 2,Unit 6 Day 12,Unit 6 Day 7,Unit 6 Day 13
2024-04-01,Unit 6 Day 6,Unit 6 Day 11,Unit 6 Day 20,Unit 6 Day 9,Unit 6 Day 9,Unit 6 Day 6,Unit 6 Day 7,Unit 5 Review Day 2,Unit 5 Unit Test,Unit 6 Day 9,Unit 6 Day 10,Unit 6 Day 3,Unit 6 Day 13,Unit 6 Quiz 1,Unit 6 Day 14
2024-04-02,Unit 6 Day 7,Unit 6 Day 12,Unit 6 Day 21,Unit 6 Day 10,Unit 6 Day 10,Unit 6 Day 7,Unit 6 Quiz 1,Unit 5 Unit Test,Unit 6 Day 1,Unit 6 Day 10,Unit 6 Day 11,Unit 6 Day 4,Unit 6 Day 14,Unit 6 Day 9,Unit 6 Day 15
2024-04-03,Unit 6 Quiz 1,Unit 6 Day 13,Unit 6 Day 22,Unit 6 Day 11,Unit 6 Day 11,Unit 6 Quiz 1,Unit 6 Day 9,Unit 6 Day 1,Unit 6 Day 2,Unit 6 Day 11,Unit 6 Day 12,Unit 6 Day 5,Unit 6 Day 15,Unit 6 Day 10,Unit 6 Quiz 2
2024-04-04,Unit 6 Day 9,Unit 6 Day 14,Unit 6 Day 23,Unit 6 Day 12,Unit 6 Day 12,Unit 6 Day 9,Unit 6 Day 10,Unit 6 Day 2,Unit 6 Day 3,Unit 6 Day 12,Unit 6 Day 13,Unit 6 Day 6,Unit 6 Quiz 2,Unit 6 Day 11,Unit 6 Day 17
2024-04-05,Unit 6 Day 10,Unit 6 Day 15,Unit 6 Day 24,Unit 6 Day 13,Unit 6 Day 13,Unit 6 Day 10,Unit 6 Day 11,Unit 6 Day 3,Unit 6 Day 4,Unit 6 Day 13,Unit 6 Day 14,Unit 6 Day 7,Unit 6 Day 17,Unit 6 Day 12,Unit 6 Day 18
2024-04-08,Unit 6 Day 11,Unit 6 Quiz 2,Unit 6 Quiz 3,Unit 6 Day 14,Unit 6 Day 14,Unit 6 Day 11,Unit 6 Day 12,Unit 6 Day 4,Unit 6 Day 5,Unit 6 Day 14,Unit 6 Day 15,Unit 6 Quiz 1,Unit 6 Day 18,Unit 6 Day 13,Unit 6 Day 19
2024-04-09,Unit 6 Day 12,Unit 6 Day 17,Unit 6 Review Day 1,Unit 6 Day 15,Unit 6 Day 15,Unit 6 Day 12,Unit 6 Day 13,Unit 6 Day 5,Unit 6 Day 6,Unit 6 Day 15,Unit 6 Quiz 2,Unit 6 Day 9,Unit 6 Day 19,Unit 6 Day 14,Unit 6 Day 20
2024-04-10,Unit 6 Day 13,Unit 6 Day 18,Unit 6 Review Day 2,Unit 6 Quiz 2,Unit 6 Quiz 2,Unit 6 Day 13,Unit 6 Day 14,Unit 6 Day 6,Unit 6 Day 7,Unit 6 Quiz 2,Unit 6 Day 17,Unit 6 Day 10,Unit 6 Day 20,Unit 6 Day 15,Unit 6 Day 21
2024-04-11,Unit 6 Day 14,Unit 6 Day 19,Unit 6 Unit Test,Unit 6 Day 17,Unit 6 Day 17,Unit 6 Day 14,Unit 6 Day 15,Unit 6 Day 7,Unit 6 Quiz 1,Unit 6 Day 17,Unit 6 Day 18,Unit 6 Day 11,Unit 6 Day 21,Unit 6 Quiz 2,Unit 6 Day 22
2024-04-12,Unit 6 Day 15,Unit 6 Day 20,Unit 7 Day 1,Unit 6 Day 18,Unit 6 Day 18,Unit 6 Day 15,Unit 6 Quiz 2,Unit 6 Quiz 1,Unit 6 Day 9,Unit 6 Day 18,Unit 6 Day 19,Unit 6 Day 12,Unit 6 Day 22,Unit 6 Day 17,Unit 6 Day 23
2024-04-15,Unit 6 Quiz 2,Unit 6 Day 21,Unit 7 Day 2,Unit 6 Day 19,Unit 6 Day 19,Unit 6 Quiz 2,Unit 6 Day 17,Unit 6 Day 9,Unit 6 Day 10,Unit 6 Day 19,Unit 6 Day 20,Unit 6 Day 13,Unit 6 Day 23,Unit 6 Day 18,Unit 6 Quiz 3
2024-04-16,Unit 6 Day 17,Unit 6 Day 22,Unit 7 Day 3,Unit 6 Day 20,Unit 6 Day 20,Unit 6 Day 17,Unit 6 Day 18,Unit 6 Day 10,Unit 6 Day 11,Unit 6 Day 20,Unit 6 Day 21,Unit 6 Day 14,Unit 6 Quiz 3,Unit 6 Day 19,Unit 6 Day 25
2024-04-17,Unit 6 Day 18,Unit 6 Day 23,Unit 7 Day 4,Unit 6 Day 21,Unit 6 Day 21,Unit 6 Day 18,Unit 6 Day 19,Unit 6 Day 11,Unit 6 Day 12,Unit 6 Day 21,Unit 6 Day 22,Unit 6 Day 15,Unit 6 Review Day 1,Unit 6 Day 20,Unit 6 Day 26
2024-04-18,Unit 6 Day 19,Unit 6 Quiz 3,Unit 7 Day 5,Unit 6 Day 22,Unit 6 Day 22,Unit 6 Day 19,Unit 6 Day 20,Unit 6 Day 12,Unit 6 Day 13,Unit 6 Day 22,Unit 6 Day 23,Unit 6 Quiz 2,Unit 6 Review Day 2,Unit 6 Day 21,Unit 6 Day 27
2024-04-19,Unit 6 Day 20,Unit 6 Review Day 1,Unit 7 Day 6,Unit 6 Day 23,Unit 6 Day 23,Unit 6 Day 20,Unit 6 Day 21,Unit 6 Day 13,Unit 6 Day 14,Unit 6 Day 23,Unit 6 Day 24,Unit 6 Day 17,Unit 6 Unit Test,Unit 6 Day 22,Unit 6 Day 28
2024-04-22,Unit 6 Day 21,Unit 6 Review Day 2,Unit 7 Day 7,Unit 6 Day 24,Unit 6 Day 24,Unit 6 Day 21,Unit 6 Day 22,Unit 6 Day 14,Unit 6 Day 15,Unit 6 Day 24,Unit 6 Day 25,Unit 6 Day 18,Unit 7 Day 1,Unit 6 Day 23,Unit 6 Day 29
2024-04-23,Unit 6 Quiz 3,Unit 6 Unit Test,Unit 7 Quiz 1,Unit 6 Day 25,Unit 6 Day 25,Unit 6 Day 22,Unit 6 Day 23,Unit 6 Day 15,Unit 6 Quiz 2,Unit 6 Day 25,Unit 6 Quiz 3,Unit 6 Day 19,Unit 7 Day 2,Unit 6 Quiz 3,Unit 6 Quiz 4
2024-04-24,Unit 6 Review Day 1,Unit 7 Day 1,Unit 7 Day 9,Unit 6 Quiz 3,Unit 6 Day 26,Unit 6 Day 23,Unit 6 Quiz 3,Unit 6 Quiz 2,Unit 6 Day 17,Unit 6 Day 26,Unit 6 Review Day 1,Unit 6 Day 20,Unit 7 Day 3,Unit 6 Day 25,Unit 6 Review Day 1
2024-04-25,Unit 6 Review Day 2,Unit 7 Day 2,Unit 7 Day 10,Unit 6 Review Day 1,Unit 6 Quiz 3,Unit 6 Quiz 3,Unit 6 Day 25,Unit 6 Day 17,Unit 6 Day 18,Unit 6 Day 27,Unit 6 Review Day 2,Unit 6 Day 21,Unit 7 Day 4,Unit 6 Day 26,Unit 6 Review Day 2
2024-04-26,Unit 6 Unit Test,Unit 7 Day 3,Unit 7 Day 11,Unit 6 Review Day 2,Unit 6 Review Day 1,Unit 6 Review Day 1,Unit 6 Day 26,Unit 6 Day 18,Unit 6 Day 19,Unit 6 Quiz 3,Unit 6 Unit Test,Unit 6 Day 22,Unit 7 Day 5,Unit 6 Day 27,Unit 6 Unit Test
2024-04-29,Unit 7 Day 1,Unit 7 Day 4,Unit 7 Day 12,Unit 6 Unit Test,Unit 6 Review Day 2,Unit 6 Review Day 2,Unit 6 Day 27,Unit 6 Day 19,Unit 6 Day 20,Unit 6 Review Day 1,Unit 7 Day 1,Unit 6 Day 23,Unit 7 Day 6,Unit 6 Day 28,Unit 7 Day 1
2024-04-30,Unit 7 Day 2,Unit 7 Day 5,Unit 7 Day 13,Unit 7 Day 1,Unit 6 Unit Test,Unit 6 Unit Test,Unit 6 Day 28,Unit 6 Day 20,Unit 6 Day 21,Unit 6 Review Day 2,Unit 7 Day 2,Unit 6 Quiz 3,Unit 7 Day 7,Unit 6 Quiz 4,Unit 7 Day 2
2024-05-01,Unit 7 Day 3,Unit 7 Day 6,Unit 7 Day 14,Unit 7 Day 2,Unit 7 Day 1,Unit 7 Day 1,Unit 6 Quiz 4,Unit 6 Day 21,Unit 6 Day 22,Unit 6 Unit Test,Unit 7 Day 3,Unit 6 Day 25,Unit 7 Quiz 1,Unit 6 Review Day 1,Unit 7 Day 3
2024-05-02,Unit 7 Day 4,Unit 7 Day 7,Unit 7 Day 15,Unit 7 Day 3,Unit 7 Day 2,Unit 7 Day 2,Unit 6 Review Day 1,Unit 6 Day 22,Unit 6 Day 23,Unit 7 Day 1,Unit 7 Day 4,Unit 6 Day 26,Unit 7 Day 9,Unit 6 Review Day 2,Unit 7 Day 4
2024-05-03,Unit 7 Day 5,Unit 7 Quiz 1,Unit 7 Quiz 2,Unit 7 Day 4,Unit 7 Day 3,Unit 7 Day 3,Unit 6 Review Day 2,Unit 6 Day 23,Unit 6 Day 24,Unit 7 Day 2,Unit 7 Day 5,Unit 6 Day 27,Unit 7 Day 10,Unit 6 Unit Test,Unit 7 Day 5
2024-05-06,Unit 7 Day 6,Unit 7 Day 9,Unit 7 Day 17,Unit 7 Day 5,Unit 7 Day 4,Unit 7 Day 4,Unit 6 Unit Test,Unit 6 Day 24,Unit 6 Day 25,Unit 7 Day 3,Unit 7 Day 6,Unit 6 Day 28,Unit 7 Day 11,Unit 7 Day 1,Unit 7 Day 6
2024-05-07,Unit 7 Day 7,Unit 7 Day 10,Unit 7 Day 18,Unit 7 Day 6,Unit 7 Day 5,Unit 7 Day 5,Unit 7 Day 1,Unit 6 Day 25,Unit 6 Quiz 3,Unit 7 Day 4,Unit 7 Day 7,Unit 6 Quiz 4,Unit 7 Day 12,Unit 7 Day 2,Unit 7 Day 7
2024-05-08,Unit 7 Quiz 1,Unit 7 Day 11,Unit 7 Day 19,Unit 7 Day 7,Unit 7 Day 6,Unit 7 Day 6,Unit 7 Day 2,Unit 6 Quiz 3,Unit 6 Review Day 1,Unit 7 Day 5,Unit 7 Quiz 1,Unit 6 Review Day 1,Unit 7 Day 13,Unit 7 Day 3,Unit 7 Quiz 1
2024-05-09,Unit 7 Day 9,Unit 7 Day 12,Unit 7 Day 20,Unit 7 Quiz 1,Unit 7 Day 7,Unit 7 Day 7,Unit 7 Day 3,Unit 6 Review Day 1,Unit 6 Review Day 2,Unit 7 Day 6,Unit 7 Day 9,Unit 6 Review Day 2,Unit 7 Day 14,Unit 7 Day 4,Unit 7 Day 9
2024-05-10,Unit 7 Day 10,Unit 7 Day 13,Unit 7 Day 21,Unit 7 Day 9,Unit 7 Quiz 1,Unit 7 Quiz 1,Unit 7 Day 4,Unit 6 Review Day 2,Unit 6 Unit Test,Unit 7 Day 7,Unit 7 Day 10,Unit 6 Unit Test,Unit 7 Day 15,Unit 7 Day 5,Unit 7 Day 10
2024-05-13,Unit 7 Day 11,Unit 7 Day 14,Unit 7 Day 22,Unit 7 Day 10,Unit 7 Day 9,Unit 7 Day 9,Unit 7 Day 5,Unit 6 Unit Test,Unit 7 Day 1,Unit 7 Quiz 1,Unit 7 Day 11,Unit 7 Day 1,Unit 7 Quiz 2,Unit 7 Day 6,Unit 7 Day 11
2024-05-14,Unit 7 Day 12,Unit 7 Day 15,Unit 7 Day 23,Unit 7 Day 11,Unit 7 Day 10,Unit 7 Day 10,Unit 7 Day 6,Unit 7 Day 1,Unit 7 Day 2,Unit 7 Day 9,Unit 7 Day 12,Unit 7 Day 2,Unit 7 Day 17,Unit 7 Day 7,Unit 7 Day 12
2024-05-15,Unit 7 Day 13,Unit 7 Quiz 2,Unit 7 Quiz 3,Unit 7 Day 12,Unit 7 Day 11,Unit 7 Day 11,Unit 7 Day 7,Unit 7 Day 2,Unit 7 Day 3,Unit 7 Day 10,Unit 7 Day 13,Unit 7 Day 3,Unit 7 Day 18,Unit 7 Quiz 1,Unit 7 Day 13
2024-05-16,Unit 7 Day 14,Unit 7 Day 17,Unit 7 Day 25,Unit 7 Day 13,Unit 7 Day 12,Unit 7 Day 12,Unit 7 Quiz 1,Unit 7 Day 3,Unit 7 Day 4,Unit 7 Day 11,Unit 7 Day 14,Unit 7 Day 4,Unit 7 Day 19,Unit 7 Day 9,Unit 7 Day 14
2024-05-17,Unit 7 Day 15,Unit 7 Day 18,Unit 7 Day 26,Unit 7 Day 14,Unit 7 Day 13,Unit 7 Day 13,Unit 7 Day 9,Unit 7 Day 4,Unit 7 Day 5,Unit 7 Day 12,Unit 7 Day 15,Unit 7 Day 5,Unit 7 Day 20,Unit 7 Day 10,Unit 7 Day 15
2024-05-20,Unit 7 Quiz 2,Unit 7 Day 19,Unit 7 Day 27,Unit 7 Day 15,Unit 7 Day 14,Unit 7 Day 14,Unit 7 Day 10,Unit 7 Day 5,Unit 7 Day 6,Unit 7 Day 13,Unit 7 Quiz 2,Unit 7 Day 6,Unit 7 Day 21,Unit 7 Day 11,Unit 7 Quiz 2
2024-05-21,Unit 7 Day 17,Unit 7 Day 20,Unit 7 Day 28,Unit 7 Day 16,Unit 7 Day 15,Unit 7 Day 15,Unit 7 Day 11,Unit 7 Day 6,Unit 7 Day 7,Unit 7 Day 14,Unit 7 Day 17,Unit 7 Day 7,Unit 7 Day 22,Unit 7 Day 12,Unit 7 Day 17
2024-05-22,Unit 7 Day 18,Unit 7 Day 21,Unit 7 Day 29,Unit 7 Day 17,Unit 7 Day 16,Unit 7 Day 16,Unit 7 Day 12,Unit 7 Day 7,Unit 7 Day 8,Unit 7 Day 15,Unit 7 Day 18,Unit 7 Day 8,Unit 7 Day 23,Unit 7 Day 13,Unit 7 Day 18
2024-05-23,Unit 7 Day 19,Unit 7 Day 22,Unit 7 Day 30,Unit 7 Day 18,Unit 7 Day 17,Unit 7 Day 17,Unit 7 Day 13,Unit 7 Day 8,Unit 7 Day 9,Unit 7 Day 16,Unit 7 Day 19,Unit 7 Day 9,Unit 7 Day 24,Unit 7 Day 14,Unit 7 Day 19
2024-05-24,Unit 7 Day 20,Unit 7 Day 23,Unit 7 Day 31,Unit 7 Day 19,Unit 7 Day 18,Unit 7 Day 18,Unit 7 Day 14,Unit 7 Day 9,Unit 7 Day 10,Unit 7 Day 17,Unit 7 Day 20,Unit 7 Day 10,Unit 7 Day 25,Unit 7 Day 15,Unit 7 Day 20
2024-05-27,Unit 7 Quiz 3,Unit 7 Quiz 3,Unit 7 Quiz 4,Unit 7 Quiz 2,Unit 7 Quiz 2,Unit 7 Quiz 2,Unit 7 Quiz 2,Unit 7 Quiz 1,Unit 7 Quiz 1,Unit 7 Quiz 2,Unit 7 Quiz 3,Unit 7 Quiz 1,Unit 7 Quiz 3,Unit 7 Quiz 2,Unit 7 Quiz 3
2024-05-28,Unit 7 Review Day 1,Unit 7 Review Day 1,Unit 7 Review Day 1,Unit 7 Review Day 1,Unit 7 Review Day 1,Unit 7 Review Day 1,Unit 7 Review Day 1,Unit 7 Review Day 1,Unit 7 Review Day 1,Unit 7 Review Day 1,Unit 7 Review Day 1,Unit 7 Review Day 1,Unit 7 Review Day 1,Unit 7 Review Day 1,Unit 7 Review Day 1
2024-05-29,Unit 7 Review Day 2,Unit 7 Review Day 2,Unit 7 Review Day 2,Unit 7 Review Day 2,Unit 7 Review Day 2,Unit 7 Review Day 2,Unit 7 Review Day 2,Unit 7 Review Day 2,Unit 7 Review Day 2,Unit 7 Review Day 2,Unit 7 Review Day 2,Unit 7 Review Day 2,Unit 7 Review Day 2,Unit 7 Review Day 2,Unit 7 Review Day 2
2024-05-30,Unit 7 Unit Test,Unit 7 Unit Test,Unit 7 Unit Test,Unit 7 Unit Test,Unit 7 Unit Test,Unit 7 Unit Test,Unit 7 Unit Test,Unit 7 Unit Test,Unit 7 Unit Test,Unit 7 Unit Test,Unit 7 Unit Test,Unit 7 Unit Test,Unit 7 Unit Test,Unit 7 Unit Test,Unit 7 Unit Test
